{
	"format_version": "1.8.0",
	"animations": {
		"animation.cat_projectile.idle": {
			"loop": true,
			"animation_length": 0.25,
			"bones": {
				"front_left_leg": {
					"rotation": {
						"0.0": {
							"vector": [-65.85133, -20.70481, -9.00717]
						},
						"0.125": {
							"vector": [-78.35133, -20.70481, -9.00717]
						},
						"0.25": {
							"vector": [-65.85133, -20.70481, -9.00717]
						}
					},
					"position": {
						"0.0": {
							"vector": [0, -2, 0]
						},
						"0.25": {
							"vector": [0, -2, 0]
						}
					}
				},
				"front_right_leg": {
					"rotation": {
						"0.0": {
							"vector": [-65.85133, 20.70481, 9.00717]
						},
						"0.125": {
							"vector": [-78.35133, 20.70481, 9.00717]
						},
						"0.25": {
							"vector": [-65.85133, 20.70481, 9.00717]
						}
					},
					"position": {
						"0.0": {
							"vector": [0, -2, 0]
						},
						"0.25": {
							"vector": [0, -2, 0]
						}
					}
				},
				"back_left_leg": {
					"rotation": {
						"0.0": {
							"vector": [65.85133, 20.70481, -9.00717]
						},
						"0.125": {
							"vector": [78.35133, 20.70481, -9.00717]
						},
						"0.25": {
							"vector": [65.85133, 20.70481, -9.00717]
						}
					},
					"position": {
						"0.0": {
							"vector": [0, -2, 0]
						},
						"0.25": {
							"vector": [0, -2, 0]
						}
					}
				},
				"back_right_leg": {
					"rotation": {
						"0.0": {
							"vector": [65.85133, -20.70481, 9.00717]
						},
						"0.125": {
							"vector": [78.35133, -20.70481, 9.00717]
						},
						"0.25": {
							"vector": [65.85133, -20.70481, 9.00717]
						}
					},
					"position": {
						"0.0": {
							"vector": [0, -2, 0]
						},
						"0.25": {
							"vector": [0, -2, 0]
						}
					}
				}
			}
		}
	},
	"geckolib_format_version": 2
}